abstract	i_clean	i	j_clean	j	w
0137	American	American University, Washington, DC	Texas A&M	Texas A&M, College Station, TX	1
0135	NYU Abu Dhabi	NYU Abu Dhabi, Abu Dhabi	Yale	Yale University, New Haven	1
0131	Paris 1	Pantheon Sorbonne, PARIS	PSE	Paris School of Economics - Université Paris	1
0130	Harvard	Harvard University, Cambridge	Koç	Koç University, Istanbul	3
0130	Harvard	Harvard University, Cambridge	Boulder	University of Colorado Boulder, Boulder	3
0130	Koç	Koç University, Istanbul	Boulder	University of Colorado Boulder, Boulder	3
0129	NYU	New York University, New York	UPF	Universitat Pompeu Fabra, Barcelona	1
0125	Leeds	University of Leeds, Leeds	USC	University of South Carolina, Columbia	1
0124	EUI	European University Institute, Florence	LSE	London School of Economics and Political Science, London	1
0123	Hertie	Hertie SchoolBerlin's University of GovernanceFriedrichstrasse Berlin, Germany, Berlin	Oxford	University of Oxford,Department of Political Science and International RelationsManor Road, Oxford	1
0122	Birkbeck	Birkbeck, University of London, London	Oxford	University of Oxford, Oxford	1
0121	German Development Institute	German Development Institute, Bonn	Oxford	University of Oxford, Oxford	1
0118	NBS Oslo	BI Norwegian Business School, Oslo	NIPH Oslo	Norwegian Institute for Public Health, Oslo	1
0117	Duke	Duke University, Durham	IAST Toulouse	IAST, Toulouse	1
0113	Predictive Heuristics.	Predictive Heuristics., Tallinn	Essex	University of Essex, Colchester	1
0112	CRSP Ponte dell'Olio	Center for Research and Social Progress, Ponte dell'Olio	Tufts	Tufts University, Boston	6
0112	CRSP Ponte dell'Olio	Center for Research and Social Progress, Ponte dell'Olio	Bologna	Univeristy of Bologna, Bologna	6
0112	CRSP Ponte dell'Olio	Center for Research and Social Progress, Ponte dell'Olio	Milano-Bicocca	University of Milano-Bicocca, Milan	6
0112	Tufts	Tufts University, Boston	Bologna	Univeristy of Bologna, Bologna	6
0112	Tufts	Tufts University, Boston	Milano-Bicocca	University of Milano-Bicocca, Milan	6
0112	Bologna	Univeristy of Bologna, Bologna	Milano-Bicocca	University of Milano-Bicocca, Milan	6
0109	Bocconi	Bocconi University, Milan	LSE	London School of Economics and Political Science, London	1
0105	Geneva	University of Geneva, Geneva	Lucerne	University of Lucerne, Lucerne	1
0104	IAST Toulouse	IAST, Toulouse	Essex	University of Essex, Colchester	1
0102	LSE	London School of Economics and Political Science, London	UPF	Universitat Pompeu Fabra, Barcelona	1
0101	Sciences Po	Sciences Po, Paris	Cambridge	University of Cambridge, Cambridge	6
0101	Sciences Po	Sciences Po, Paris	Essex	University of Essex, Wivenhoe	6
0101	Sciences Po	Sciences Po, Paris	Mannheim	University of Mannheim, Mannheim	6
0101	Cambridge	University of Cambridge, Cambridge	Essex	University of Essex, Wivenhoe	6
0101	Cambridge	University of Cambridge, Cambridge	Mannheim	University of Mannheim, Mannheim	6
0101	Essex	University of Essex, Wivenhoe	Mannheim	University of Mannheim, Mannheim	6
0100	GWU	George Washington University, Washington DC	Zurich	University of Zurich, Zurich	1
0094	Kobe	Kobe University, Kobe	TUS Tokyo	Tokyo University of Science, Tokyo	1
0093	G-U Frankfurt	Goethe-Universität Frankfurt, Frankfurt	Humboldt	Humboldt University, Berlin	3
0093	G-U Frankfurt	Goethe-Universität Frankfurt, Frankfurt	Zurich	University of Zurich, Zurich	3
0093	Humboldt	Humboldt University, Berlin	Zurich	University of Zurich, Zurich	3
0090	Essex	University of Essex, Wivenhoe	Maryland	University of Maryland, Washington DC	1
0088	Duke	Duke University, Durham	IAST Toulouse	Institute for Advanced Study in Toulouse, Toulouse	3
0088	Duke	Duke University, Durham	Sciences Po	Science Po, Paris	3
0088	IAST Toulouse	Institute for Advanced Study in Toulouse, Toulouse	Sciences Po	Science Po, Paris	3
0085	Amsterdam	University of Amsterdam, Amsterdam	Vienna	University of Vienna, Vienna	1
0084	Carlo Alberto	Collegio Carlo Alberto, Turin	NYU	New York University, New York	3
0084	Carlo Alberto	Collegio Carlo Alberto, Turin	Yale	Yale University, New Haven	3
0084	NYU	New York University, New York	Yale	Yale University, New Haven	3
0081	Oxford	Nuffield College, University of Oxford, Oxford	Princeton	Princeton University, Princeton	1
0080	IBEI Barcelona	Institut Barcelona d'Estudis Internacionals, Barcelona	UC Merced	University of California, Merced, Merced	3
0080	IBEI Barcelona	Institut Barcelona d'Estudis Internacionals, Barcelona	Yale	Yale University, New Haven	3
0080	UC Merced	University of California, Merced, Merced	Yale	Yale University, New Haven	3
0079	Columbia	Columbia University, New York	Yale	Yale University, New Haven	1
0075	LSE	LSE, London	UCSD	UCSD, La Jolla	1
0069	UCSD	UCSD Department of Political Science, San Diego	UCSD	UCSD School of Global Policy and Strategy, San Diego	1
0067	NYU	New York University, New York	Sydney	University of Sydney, Sydney	1
0064	CEU	Central European University, Budapest	Paris 2	Universite Pantheon Assas (Paris 2), Paris	1
0061	Bocconi	Department of Social and Political Sciences, Bocconi University, Milan	IIASA	International Institute for Applied Systems Analysis (IIASA), Laxenburg	6
0061	Bocconi	Department of Social and Political Sciences, Bocconi University, Milan	UEA	School of International Development, University of East Anglia, Norwich	6
0061	Bocconi	Department of Social and Political Sciences, Bocconi University, Milan	VID Vienna	Vienna Institute of Demography/Austrian Academy of Sciences, Wittgenstein Centre for Demography and Global Human Capital, Vienna	6
0061	IIASA	International Institute for Applied Systems Analysis (IIASA), Laxenburg	UEA	School of International Development, University of East Anglia, Norwich	6
0061	IIASA	International Institute for Applied Systems Analysis (IIASA), Laxenburg	VID Vienna	Vienna Institute of Demography/Austrian Academy of Sciences, Wittgenstein Centre for Demography and Global Human Capital, Vienna	6
0061	UEA	School of International Development, University of East Anglia, Norwich	VID Vienna	Vienna Institute of Demography/Austrian Academy of Sciences, Wittgenstein Centre for Demography and Global Human Capital, Vienna	6
0058	NYU Abu Dhabi	Division of Social Science, A5-1168A, New York UniversitySaadiyat Island, 129188, Abu Dhabi	Koç	Koc University, ?stanbul	1
0054	EUI	European University Institute, Florence	QMUL	Queen Mary University of London, London	3
0054	EUI	European University Institute, Florence	Oxford	University of Oxford, Oxford	3
0054	QMUL	Queen Mary University of London, London	Oxford	University of Oxford, Oxford	3
0053	Chapman	Chapman University, Orange	SFU	Simon Fraser University, Burnaby	3
0053	Chapman	Chapman University, Orange	Memphis	University of Memphis, Tennessee	3
0053	SFU	Simon Fraser University, Burnaby	Memphis	University of Memphis, Tennessee	3
0050	Charles	Charles University, Institute of Political Studies, Prague	WZB	WZB Berlin Social Science Center, Berlin	1
0048	Kyung Hee	Kyung Hee, Seoul	Rochester	University of Rochester, Rochester	1
0043	NBS Oslo	Norwegian Business School, Oslo	UCSD	University of California San Diego, San Diego	6
0043	NBS Oslo	Norwegian Business School, Oslo	Turku	University of Turku, Turku	6
0043	NBS Oslo	Norwegian Business School, Oslo	VATT Helsinki	VATT Institute for Economic Research, Helsinki	6
0043	UCSD	University of California San Diego, San Diego	Turku	University of Turku, Turku	6
0043	UCSD	University of California San Diego, San Diego	VATT Helsinki	VATT Institute for Economic Research, Helsinki	6
0043	Turku	University of Turku, Turku	VATT Helsinki	VATT Institute for Economic Research, Helsinki	6
0042	Basel	University of Basel, Basel	Geneva	University of Geneva, Geneva	1
0041	Amsterdam	University of Amsterdam, AMSTERDAM	Uppsala	University of Uppsala, Uppsala	1
0040	Hertie	Hertie School, Berlin	Princeton	Princeton University, Princeton	10
0040	Hertie	Hertie School, Berlin	UIUC	UIUC, Urbana-Champaign	10
0040	Hertie	Hertie School, Berlin	Mannheim	University of Mannheim, Mannheim	10
0040	Hertie	Hertie School, Berlin	USC	USC, Los Angeles	10
0040	Princeton	Princeton University, Princeton	UIUC	UIUC, Urbana-Champaign	10
0040	Princeton	Princeton University, Princeton	Mannheim	University of Mannheim, Mannheim	10
0040	Princeton	Princeton University, Princeton	USC	USC, Los Angeles	10
0040	UIUC	UIUC, Urbana-Champaign	Mannheim	University of Mannheim, Mannheim	10
0040	UIUC	UIUC, Urbana-Champaign	USC	USC, Los Angeles	10
0040	Mannheim	University of Mannheim, Mannheim	USC	USC, Los Angeles	10
0039	Bocconi	Bocconi University, Milano	Zurich	University of Zurich, Zurich	3
0039	Bocconi	Bocconi University, Milano	Vrije Amsterdam	Vrije Universiteit Amsterdam, Amsterdam	3
0039	Zurich	University of Zurich, Zurich	Vrije Amsterdam	Vrije Universiteit Amsterdam, Amsterdam	3
0034	Maryland	University of Maryland, College Park	Charlotte	University of North Carolina at Charlotte, Charlotte	3
0034	Maryland	University of Maryland, College Park	Uppsala	Uppsala University, Uppsala	3
0034	Charlotte	University of North Carolina at Charlotte, Charlotte	Uppsala	Uppsala University, Uppsala	3
0033	Hertie	Hertie School, Berlin's University of Governance, Berlin	Milano	Università degli Studi di Milano, Milan	3
0033	Hertie	Hertie School, Berlin's University of Governance, Berlin	UCL	University College London, London	3
0033	Milano	Università degli Studi di Milano, Milan	UCL	University College London, London	3
0032	Dublin	University College Dublin, Dublin	Zurich	University of Zurich, Zurich	1
0031	Bocconi	Bocconi University, Milano	Florida State	Florida State University, Tallahassee	3
0031	Bocconi	Bocconi University, Milano	Yale	Yale University, New Haven	3
0031	Florida State	Florida State University, Tallahassee	Yale	Yale University, New Haven	3
0030	Glasgow	University of Glasgow, Glasgow	Middelsex	University of Middelsex, London	3
0030	Glasgow	University of Glasgow, Glasgow	Pittsburgh	University of Pittsburgh, Pittsburgh	3
0030	Middelsex	University of Middelsex, London	Pittsburgh	University of Pittsburgh, Pittsburgh	3
0028	Bocconi	Bocconi University, Milano	ETH	ETH, Zurich	1
0026	Ben-Gurion	Ben-Gurion University, Beer Sheva	Leuven	Leuven University, Leuven	3
0026	Ben-Gurion	Ben-Gurion University, Beer Sheva	Montreal	University of Montreal, Montreal	3
0026	Leuven	Leuven University, Leuven	Montreal	University of Montreal, Montreal	3
0025	Texas A&M	Texas A&M University (USA), College Station	Essex	University of Essex, Colchester	1
0024	TCD	Trinity College Dublin, Dublin	Tulane	Tulane University, New Orleans	6
0024	TCD	Trinity College Dublin, Dublin	Dublin	University College Dublin, Dublin	6
0024	TCD	Trinity College Dublin, Dublin	Exeter	University of Exeter & Exeter Q-Step Centre, Exeter	6
0024	Tulane	Tulane University, New Orleans	Dublin	University College Dublin, Dublin	6
0024	Tulane	Tulane University, New Orleans	Exeter	University of Exeter & Exeter Q-Step Centre, Exeter	6
0024	Dublin	University College Dublin, Dublin	Exeter	University of Exeter & Exeter Q-Step Centre, Exeter	6
0022	Fukuoka	Fukuoka University, Fukuoka	Harvard	Harvard University, Cambridge	3
0022	Fukuoka	Fukuoka University, Fukuoka	Hiroshima	Hiroshima University, Hiroshima	3
0022	Harvard	Harvard University, Cambridge	Hiroshima	Hiroshima University, Hiroshima	3
0021	Carlo Alberto	Collegio Carlo Alberto, Torino	Columbia	Columbia UniversityDepartment of Political Science, New York	1
0020	Humboldt	Humboldt-Universität zu Berlin, Berlin	Penn State	Pennsylvania State University, University Park	15
0020	Humboldt	Humboldt-Universität zu Berlin, Berlin	Copenhagen	University of Copenhagen, Copenhagen	15
0020	Humboldt	Humboldt-Universität zu Berlin, Berlin	Leiden	University of Leiden, Leiden	15
0020	Humboldt	Humboldt-Universität zu Berlin, Berlin	Oslo	University of Oslo, Oslo	15
0020	Humboldt	Humboldt-Universität zu Berlin, Berlin	Reading	University of Reading, Reading	15
0020	Penn State	Pennsylvania State University, University Park	Copenhagen	University of Copenhagen, Copenhagen	15
0020	Penn State	Pennsylvania State University, University Park	Leiden	University of Leiden, Leiden	15
0020	Penn State	Pennsylvania State University, University Park	Oslo	University of Oslo, Oslo	15
0020	Penn State	Pennsylvania State University, University Park	Reading	University of Reading, Reading	15
0020	Copenhagen	University of Copenhagen, Copenhagen	Leiden	University of Leiden, Leiden	15
0020	Copenhagen	University of Copenhagen, Copenhagen	Oslo	University of Oslo, Oslo	15
0020	Copenhagen	University of Copenhagen, Copenhagen	Reading	University of Reading, Reading	15
0020	Leiden	University of Leiden, Leiden	Oslo	University of Oslo, Oslo	15
0020	Leiden	University of Leiden, Leiden	Reading	University of Reading, Reading	15
0020	Oslo	University of Oslo, Oslo	Reading	University of Reading, Reading	15
0019	Rice	Rice University, Houston	Texas A&M	Texas A&M University, College Station	1
0016	Cyprus	University of Cyprus, Nicosia	Pittsburgh	University of Pittsburgh, Pittsburgh	1
0015	EUI	European University Institute, Florence	Mannheim	Mannheim Centre for European Social ResearchUniversity of Mannheim, Mannheim	1
0013	ETH	ETH Zurich, Zurich	LSE	London School of Economics and Political Science, London	1
0009	Tulane	Tulane University, New Orleans	Kentucky	University of Kentucky, Lexington	1
0008	NIIA Oslo	Norwegian Institute of International Affairs, OSLO, Norway	SAIS	SAIS, Johns Hopkins University, Washington DC	3
0008	NIIA Oslo	Norwegian Institute of International Affairs, OSLO, Norway	Oslo	University of Oslo, OSLO	3
0008	SAIS	SAIS, Johns Hopkins University, Washington DC	Oslo	University of Oslo, OSLO	3
0007	Hertie	Hertie School, Berlin	UCLA	University of California, Los Angeles, Los Angeles	1
0005	Amsterdam	University of Amsterdam, Amsterdam	Koblenz-Landau	University of Koblenz-Landau, Landau	3
0005	Amsterdam	University of Amsterdam, Amsterdam	Lausanne	University of Lausanne, Lausanne	3
0005	Koblenz-Landau	University of Koblenz-Landau, Landau	Lausanne	University of Lausanne, Lausanne	3
0004	Duke	Duke University, Durham	Oxford	Nuffield College, University of Oxford, Oxford	1
0003	Georgetown	Georgetown University, Washington DC	Princeton	Princeton University, Princeton, NJ	3
0003	Georgetown	Georgetown University, Washington DC	Minnesota	University of Minnesota, Minneapolis, MN	3
0003	Princeton	Princeton University, Princeton, NJ	Minnesota	University of Minnesota, Minneapolis, MN	3
0002	PRIO	PRIO, Oslo	Gothenburg	University of Gothenburg, Gothenburg	3
0002	PRIO	PRIO, Oslo	Oslo	University of Oslo, Oslo	3
0002	Gothenburg	University of Gothenburg, Gothenburg	Oslo	University of Oslo, Oslo	3
